Note - AIAAIC ID,Headline,Description/links
AIAAIC1477,Reddit warns AI companies not to misuse its data ,https://www.aiaaic.org/aiaaic-repository/ai-algorithmic-and-automation-incidents/reddit-warns-ai-companies-not-to-misuse-its-data
AIAAIC1480,Portugal bans Worldcoin for 90 days for jeopardising citizen privacy,https://www.aiaaic.org/aiaaic-repository/ai-algorithmic-and-automation-incidents/portugal-bans-worldcoin-for-90-days-for-jeopardising-citizen-privacy
AIAAIC1492,Slack forces users to opt-out of training its AI models,https://www.aiaaic.org/aiaaic-repository/ai-algorithmic-and-automation-incidents/slack-uses-user-data-to-train-ai-models
AIAAIC1503,UK watchdog investigates Microsoft Recall AI feature ,https://www.aiaaic.org/aiaaic-repository/ai-algorithmic-and-automation-incidents/uk-watchdog-investigates-microsoft-recall-ai-feature
AIAAIC1506,Home Bargains shopper misidentified by Facewatch facial recognition,https://www.aiaaic.org/aiaaic-repository/ai-algorithmic-and-automation-incidents/home-bargains-shopper-misidentified-by-facewatch
AIAAIC1518,LAION-5B links to photos of identifiable Brazilian children,https://www.aiaaic.org/aiaaic-repository/ai-algorithmic-and-automation-incidents/laion-5b-links-to-photos-of-identifiable-brazilian-children
AIAAIC1519,"C4 dataset is trained on unsafe, copyright-protected web content",https://www.aiaaic.org/aiaaic-repository/ai-algorithmic-and-automation-incidents/c4-dataset-is-trained-on-unsafe-copyright-protected-web-content
AIAAIC1521,"Shanghai triples facial urveillance in Xuhui district, raising concerns",https://www.aiaaic.org/aiaaic-repository/ai-algorithmic-and-automation-incidents/shanghai-plans-to-triple-facial-surveillance-in-xuhui-district
AIAAIC1522,"Adobe terms of use update sparks AI privacy, copyright controversy",https://www.aiaaic.org/aiaaic-repository/ai-algorithmic-and-automation-incidents/adobe-terms-of-use-update-sparks-privacy-copyright-controversy
AIAAIC1539,Dream Machine AI video generator makes porn,https://www.aiaaic.org/aiaaic-repository/ai-algorithmic-and-automation-incidents/dream-machine-ai-video-generator-makes-porn
AIAAIC1541,Meta under fire for decision to train generative AI on user content,https://www.aiaaic.org/aiaaic-repository/ai-algorithmic-and-automation-incidents/meta-under-fire-for-decision-to-train-generative-ai-on-user-content
AIAAIC1569,Images of Australian children are used to train AI,https://www.aiaaic.org/aiaaic-repository/ai-algorithmic-and-automation-incidents/images-of-australian-children-are-used-to-train-ai
AIAAIC1604,Chelmer Valley High School illegally used facial recognition to take canteen payments,https://www.aiaaic.org/aiaaic-repository/ai-algorithmic-and-automation-incidents/chelmer-valley-high-school-illegally-used-facial-recognition
AIAAIC1607,Paris Olympics AI scans fuel surveillance fears,https://www.aiaaic.org/aiaaic-repository/ai-algorithmic-and-automation-incidents/paris-olympics-ai-scans-fuel-surveillance-fears
AIAAIC1608,French national police accused of illegally using facial recognition,https://www.aiaaic.org/aiaaic-repository/ai-algorithmic-and-automation-incidents/french-national-police-accused-of-illegally-using-facial-recognition
AIAAIC1610,French court rules City of Orleans use of AI is illegal,https://www.aiaaic.org/aiaaic-repository/ai-algorithmic-and-automation-incidents/french-court-rules-city-of-orleans-use-of-ai-is-illegal
AIAAIC1620,X automatically harvests user data to train AI chatbot,https://www.aiaaic.org/aiaaic-repository/ai-algorithmic-and-automation-incidents/x-automatically-harvests-user-data-to-train-ai-chatbot
AIAAIC1628,Meta fined USD 1.4 billion for unlawful use of facial recognition,https://www.aiaaic.org/aiaaic-repository/ai-algorithmic-and-automation-incidents/meta-fined-usd-1-4-billion-for-unlawful-use-of-facial-recognition
AIAAIC1671,ChatGPT imitates users' voices without permission,https://www.aiaaic.org/aiaaic-repository/ai-algorithmic-and-automation-incidents/chatgpt-imitates-users-voices-without-permission
AIAAIC1680,Deep Cam Live AI impersonator prompts misuse fears,https://www.aiaaic.org/aiaaic-repository/ai-algorithmic-and-automation-incidents/deep-cam-live-ai-impersonator-prompts-misuse-fears
AIAAIC1683,Kroger under fire for AI-powered dynamic pricing,https://www.aiaaic.org/aiaaic-repository/ai-algorithmic-and-automation-incidents/kroger-under-fire-for-ai-powered-dynamic-pricing
AIAAIC1684,US plan to train AI system by scanning migrants' kids faces prompts controversy,https://www.aiaaic.org/aiaaic-repository/ai-algorithmic-and-automation-incidents/us-plans-to-train-ai-system-by-scanning-migrants-kids-faces
AIAAIC1691,South Korea plan for AI textbooks receives backlash,https://www.aiaaic.org/aiaaic-repository/ai-algorithmic-and-automation-incidents/south-korea-plan-for-ai-textbooks-receives-backlash
AIAAIC1705,Outabox data breach exposes 1m biometric records,https://www.aiaaic.org/aiaaic-repository/ai-algorithmic-and-automation-incidents/outabox-data-breach-exposes-1m-biometric-records
AIAAIC1716,"Universities disable Turnitin AI detection ""in the best interests of students""",https://www.aiaaic.org/aiaaic-repository/ai-algorithmic-and-automation-incidents/universities-disable-turnitin-ai-detection-in-students-best-interests
AIAAIC1718,Microsoft app accused of enabling employee mobile surveillance,https://www.aiaaic.org/aiaaic-repository/ai-algorithmic-and-automation-incidents/microsoft-app-accused-of-enabling-employee-mobile-surveillance
AIAAIC1723,"Report: AI companion apps ""relentlessly"" pry user data",https://www.aiaaic.org/aiaaic-repository/ai-algorithmic-and-automation-incidents/report-ai-companion-apps-relentlessly-pry-user-data
AIAAIC1726,Copilot falsely accuses journalist of being a child molester and fraudster,https://www.aiaaic.org/aiaaic-repository/ai-algorithmic-and-automation-incidents/copilot-falsely-accuses-journalist-of-being-a-child-molester-and-fraudster
AIAAIC1728,Dutch regulator fines Clearview AI for privacy violations,https://www.aiaaic.org/aiaaic-repository/ai-algorithmic-and-automation-incidents/dutch-regulator-fines-clearview-ai
AIAAIC1730,Steak 'n Shake sued for alleged facial biometric violations,https://www.aiaaic.org/aiaaic-repository/ai-algorithmic-and-automation-incidents/steak-n-shake-sued-for-alleged-facial-biometric-violations
AIAAIC1736,Stalker doxxes and harrasses woman using AI chatbot,https://www.aiaaic.org/aiaaic-repository/ai-algorithmic-and-automation-incidents/stalker-doxxes-and-harrasses-woman-using-ai-chatbot
AIAAIC1740,Meta admits farming Australians' Facebook photos to train AI,https://www.aiaaic.org/aiaaic-repository/ai-algorithmic-and-automation-incidents/meta-admits-farming-australians-facebook-photos-to-train-ai
AIAAIC1744,LinkedIn trains AI models without user consent,https://www.aiaaic.org/aiaaic-repository/ai-algorithmic-and-automation-incidents/linkedin-trains-ai-models-without-user-consent
AIAAIC1254,Whistleblower reveals Tesla phantom braking complaints,https://www.aiaaic.org/aiaaic-repository/ai-algorithmic-and-automation-incidents/whistleblower-reveals-tesla-phantom-braking-complaints
AIAAIC1257,OpenAI 'unprecedented web scraping' trains AI models,https://www.aiaaic.org/aiaaic-repository/ai-algorithmic-and-automation-incidents/openai-unprecedented-web-scraping-trains-ai-models
AIAAIC1288,Thomson Reuters Fraud Detect 'incorrectly' identifies fraud,https://www.aiaaic.org/aiaaic-repository/ai-algorithmic-and-automation-incidents/thomson-reuters-fraud-detect-incorrectly-identifies-fraud
AIAAIC1296,AI hiring chatbot hack violates applicants' privacy,https://www.aiaaic.org/aiaaic-repository/ai-algorithmic-and-automation-incidents/ai-hiring-chatbot-hack-violates-applicants-privacy
AIAAIC1298,PimEyes steals images of dead people to train facial recognition system,https://www.aiaaic.org/aiaaic-repository/ai-algorithmic-and-automation-incidents/pimeyes-steals-images-of-dead-people-to-train-facial-recognition-system
AIAAIC1303,"PimEyes sued in Illinois, USA, for privacy violations",https://www.aiaaic.org/aiaaic-repository/ai-algorithmic-and-automation-incidents/pimeyes-sued-in-illinois-usa-for-privacy-violations
AIAAIC1305,Film fan uses PimEyes to identify anonymous porn stars,https://www.aiaaic.org/aiaaic-repository/ai-algorithmic-and-automation-incidents/pimeyes-used-to-identify-anonymous-porn-stars
AIAAIC1313,Parivar Pehchan Patra algorithm declares living people dead,https://www.aiaaic.org/aiaaic-repository/ai-algorithmic-and-automation-incidents/parivar-pehchan-patra-declares-living-people-dead
AIAAIC1314,X/Twitter fails to remove graphic AI images of Taylor Swift,https://www.aiaaic.org/aiaaic-repository/ai-algorithmic-and-automation-incidents/xtwitter-fails-to-remove-graphic-ai-images-of-taylor-swift
AIAAIC1325,Amazon France fined for excessive automated monitoring of workers,https://www.aiaaic.org/aiaaic-repository/ai-algorithmic-and-automation-incidents/amazon-france-fined-for-excessive-automated-monitoring-of-workers
AIAAIC1326,NYPD ends Knightscope K5 security robot trial,https://www.aiaaic.org/aiaaic-repository/ai-algorithmic-and-automation-incidents/nypd-ends-knightscope-k5-security-robot-trial
AIAAIC1330,Toilet sensors ‘actively listen’ to school pupils,https://www.aiaaic.org/aiaaic-repository/ai-algorithmic-and-automation-incidents/toilet-sensors-actively-listen-to-uk-school-pupils
AIAAIC1348,University of Waterloo found covertly using facial recognition,https://www.aiaaic.org/aiaaic-repository/ai-algorithmic-and-automation-incidents/university-of-waterloo-found-covertly-using-facial-recognition
AIAAIC1354,Serco ordered to halt using facial recognition to monitor employees,https://www.aiaaic.org/aiaaic-repository/ai-algorithmic-and-automation-incidents/serco-ordered-to-halt-using-facial-recognition-to-monitor-employees
AIAAIC1380,Moscow arrests Navalny funeral attendees using facial recognition,https://www.aiaaic.org/aiaaic-repository/ai-algorithmic-and-automation-incidents/moscow-arrests-navalny-funeral-attendees-using-facial-recognition
AIAAIC1381,Spain suspends Worldcoin over privacy concerns,https://www.aiaaic.org/aiaaic-repository/ai-algorithmic-and-automation-incidents/spain-suspends-worldcoin-over-privacy-concerns
AIAAIC1385,Trento council fined for AI citizen surveillance projects,https://www.aiaaic.org/aiaaic-repository/ai-algorithmic-and-automation-incidents/trento-council-fined-for-ai-citizen-surveillance-projects
AIAAIC1394,Domino's sued for AI phone-order voice print collection,https://www.aiaaic.org/aiaaic-repository/ai-algorithmic-and-automation-incidents/dominos-sued-for-ai-phone-order-voice-print-collection
AIAAIC1397,NHS plan to AI generate patient notes draws criticism,https://www.aiaaic.org/aiaaic-repository/ai-algorithmic-and-automation-incidents/nhs-plan-to-ai-generate-patient-notes-draws-criticism
AIAAIC1403,University of Michigan partner sells student data for AI training,https://www.aiaaic.org/aiaaic-repository/ai-algorithmic-and-automation-incidents/university-of-michigan-partner-sells-student-data-for-ai-training
AIAAIC1406,Worldcoin field-testing methods draw controversy,https://www.aiaaic.org/aiaaic-repository/ai-algorithmic-and-automation-incidents/worldcoin-field-testing-methods-draw-controversy
AIAAIC1407,Hong Kong privacy watchdog probes Worldcoin,https://www.aiaaic.org/aiaaic-repository/ai-algorithmic-and-automation-incidents/hong-kong-privacy-watchdog-probes-worldcoin
AIAAIC1408,South Korea privacy watchdog investigates Worldcoin,https://www.aiaaic.org/aiaaic-repository/ai-algorithmic-and-automation-incidents/south-korea-privacy-watchdog-investigates-worldcoin
AIAAIC1409,Argentina opens investigation into Worldcoin,https://www.aiaaic.org/aiaaic-repository/ai-algorithmic-and-automation-incidents/argentina-opens-investigation-into-worldcoin
AIAAIC1413,Israel facial recognition system misidentifies innocent Gazans,https://www.aiaaic.org/aiaaic-repository/ai-algorithmic-and-automation-incidents/israel-facial-recognition-system-misidentifies-innocent-gazans
AIAAIC1414,Leonardo AI generates celebrity non-consensual porn images,https://www.aiaaic.org/aiaaic-repository/ai-algorithmic-and-automation-incidents/leonardo-ai-generates-celebrity-non-consensual-porn-images
AIAAIC1415,Italian privacy watchdog opens investigation into Sora,https://www.aiaaic.org/aiaaic-repository/ai-algorithmic-and-automation-incidents/italian-privacy-watchdog-opens-investigation-into-sora
AIAAIC1426,"San Jose homeless detection AI sparks privacy, inequality fears",https://www.aiaaic.org/aiaaic-repository/ai-algorithmic-and-automation-incidents/san-jose-homeless-detection-ai-sparks-privacy-inequality-fears
AIAAIC1446,Greece fined for AI-powered asylum centre monitoring system,https://www.aiaaic.org/aiaaic-repository/ai-algorithmic-and-automation-incidents/greece-fined-for-ai-powered-asylum-centre-monitoring-system
AIAAIC1452,Maori woman misidentified by Foodstuffs facial recognition,https://www.aiaaic.org/aiaaic-repository/ai-algorithmic-and-automation-incidents/maori-woman-misidentified-by-foodstuffs-facial-recognition
AIAAIC1459,Intrusive' AI speed cameras criticised by UK motorists,https://www.aiaaic.org/aiaaic-repository/ai-algorithmic-and-automation-incidents/intrusive-ai-speed-cameras-criticised-by-uk-motorists
AIAAIC1469,ChatGPT accused of violating GDPR by not correcting inaccurate personal information,https://www.aiaaic.org/aiaaic-repository/ai-algorithmic-and-automation-incidents/chatgpt-said-to-violate-gdpr-by-not-correcting-inaccurate-personal-info
AIAAIC1473,"UK police use PimEyes, raising privacy concerns",https://www.aiaaic.org/aiaaic-repository/ai-algorithmic-and-automation-incidents/uk-police-found-to-use-pimeyes-raising-privacy-concerns
AIAAIC1065,Ryanair facial recognition customer verification,https://www.aiaaic.org/aiaaic-repository/ai-algorithmic-and-automation-incidents/ryanair-uses-facial-recognition-to-verify-customers
AIAAIC1074,Zoom uses customer data to train AI models,https://www.aiaaic.org/aiaaic-repository/ai-algorithmic-and-automation-incidents/zoom-customer-data-ai-model-training
AIAAIC1075,Brave covertly sells user data for AI development,https://www.aiaaic.org/aiaaic-repository/ai-algorithmic-and-automation-incidents/brave-ai-user-data-sales
AIAAIC1080,Artist's private medical image trains LAION dataset,https://www.aiaaic.org/aiaaic-repository/ai-algorithmic-and-automation-incidents/artists-private-medical-image-trains-laion-dataset
AIAAIC1105,CivitAI generates nonconsensual AI pornography,https://www.aiaaic.org/aiaaic-repository/ai-algorithmic-and-automation-incidents/civitai-nonconsensual-ai-pornography
AIAAIC1114,Amazon employees use Ring to spy on customers,https://www.aiaaic.org/aiaaic-repository/ai-algorithmic-and-automation-incidents/amazon-employees-use-ring-to-spy-on-customers
AIAAIC1120,"ChatGPT leaks user conversations, personal information",https://www.aiaaic.org/aiaaic-repository/ai-algorithmic-and-automation-incidents/chatgpt-leaks-user-conversations
AIAAIC1121,Google Search indexes Bard personal chats,https://www.aiaaic.org/aiaaic-repository/ai-algorithmic-and-automation-incidents/google-search-indexes-bard-personal-chats
AIAAIC1129,Snapchat fails to assess My AI privacy risks,https://www.aiaaic.org/aiaaic-repository/ai-algorithmic-and-automation-incidents/snapchat-fails-to-assess-my-ai-privacy-risks
AIAAIC1145,Snapchat My AI requests to meet 13-year-old girl in park,https://www.aiaaic.org/aiaaic-repository/ai-algorithmic-and-automation-incidents/snapchat-my-ai-requests-to-meet-13-year-old-girl-in-park
AIAAIC1146,ElevenLabs voice generator makes celebrity voices read offensive messages,https://www.aiaaic.org/aiaaic-repository/ai-algorithmic-and-automation-incidents/elevenlabs-voice-generator-makes-celebrity-voices-read-offensive-messages
AIAAIC1147,Video game voice actors attacked using their own AI voices,https://www.aiaaic.org/aiaaic-repository/ai-algorithmic-and-automation-incidents/video-game-voice-actors-attacked-using-their-own-ai-voices
AIAAIC1156,"Worldcoin suspended in Kenya over privacy, security concerns",https://www.aiaaic.org/aiaaic-repository/ai-algorithmic-and-automation-incidents/worldcoin-suspended-in-kenya-for-privacy-abuse
AIAAIC1158,ChatGPT writes code that makes databases leak sensitive info,https://www.aiaaic.org/aiaaic-repository/ai-algorithmic-and-automation-incidents/chatgpt-writes-code-that-makes-databases-leak-sensitive-info
AIAAIC1178,Replika hit with data ban in Italy over child safety,https://www.aiaaic.org/aiaaic-repository/ai-algorithmic-and-automation-incidents/replika-hit-with-data-ban-in-italy-over-child-safety
AIAAIC1179,Replika shares user data with advertisers,https://www.aiaaic.org/aiaaic-repository/ai-algorithmic-and-automation-incidents/report-replika-fails-to-meet-minimum-privacy-standards
AIAAIC1190,CivitAI rewards deepfakes of real people,https://www.aiaaic.org/aiaaic-repository/ai-algorithmic-and-automation-incidents/civitai-rewards-deepfakes-of-real-people
AIAAIC1193,Perth doctors warned for using ChatGPT to write patient medical records,https://www.aiaaic.org/aiaaic-repository/ai-algorithmic-and-automation-incidents/perth-doctors-warned-for-using-chatgpt-to-write-patient-medical-records
AIAAIC1196,Poland investigates ChatGPT for alleged privacy abuse,https://www.aiaaic.org/aiaaic-repository/ai-algorithmic-and-automation-incidents/poland-investigates-chatgpt-alleged-privacy-abuse
AIAAIC1200,Google sued for AI data scraping,https://www.aiaaic.org/aiaaic-repository/ai-algorithmic-and-automation-incidents/google-sued-for-ai-data-scraping
AIAAIC1201,AIs guess where Reddit users live and what they earn,https://www.aiaaic.org/aiaaic-repository/ai-algorithmic-and-automation-incidents/ais-guess-where-reddit-users-live
AIAAIC1206,Italy bans ChatGPT over data privacy concerns,https://www.aiaaic.org/aiaaic-repository/ai-algorithmic-and-automation-incidents/italy-bans-chatgpt-over-privacy-concerns
AIAAIC1209,Canada investigates ChatGPT privacy concerns,https://www.aiaaic.org/aiaaic-repository/ai-algorithmic-and-automation-incidents/canada-investigates-chatgpt-privacy-concerns
AIAAIC1215,Japan warns OpenAI over ChatGPT AI training,https://www.aiaaic.org/aiaaic-repository/ai-algorithmic-and-automation-incidents/japan-warns-openai-over-chatgpt-ai-training
AIAAIC1221,"OpenAI, Microsoft sued for 'stealing' personal info to create ChatGPT",https://www.aiaaic.org/aiaaic-repository/ai-algorithmic-and-automation-incidents/openai-microsoft-sued-for-stealing-personal-info-to-create-chatgpt
AIAAIC1222,"Software engineers sue OpenAI, Microsoft for violating personal privacy",https://www.aiaaic.org/aiaaic-repository/ai-algorithmic-and-automation-incidents/software-engineers-sue-openai-microsoft-for-violating-personal-privacy
AIAAIC1225,ChatGPT used to collect users' personal information ,https://www.aiaaic.org/aiaaic-repository/ai-algorithmic-and-automation-incidents/chatgpt-used-to-collect-users-personal-information
AIAAIC1235,Bavaria tests police AI analytics software using real data,https://www.aiaaic.org/aiaaic-repository/ai-algorithmic-and-automation-incidents/bavaria-police-test-palantir-using-real-data
AIAAIC1237,Image-generation AIs memorise training images,https://www.aiaaic.org/aiaaic-repository/ai-algorithmic-and-automation-incidents/image-generation-ais-memorise-training-images
AIAAIC1239,"Amazon Q hallucinates, leaks data",https://www.aiaaic.org/aiaaic-repository/ai-algorithmic-and-automation-incidents/amazon-q-hallucinates-leaks-data
AIAAIC1242,Prisma Labs sued for collecting facial biometrics without consent,https://www.aiaaic.org/aiaaic-repository/ai-algorithmic-and-automation-incidents/prisma-labs-sued-for-collecting-facial-biometrics-without-consent
AIAAIC1253,Rite Aid facial recognition accuses innocent shoppers of theft,https://www.aiaaic.org/aiaaic-repository/ai-algorithmic-and-automation-incidents/rite-aid-accuses-innocent-shoppers-of-theft
AIAAIC0464,Meta sues predicitve policing Voyager Labs for data scraping,https://www.aiaaic.org/aiaaic-repository/ai-algorithmic-and-automation-incidents/meta-sues-voyager-labs-for-data-scraping
AIAAIC0473,"UBC academic, students accuse Proctorio of privacy abuse",https://www.aiaaic.org/aiaaic-repository/ai-algorithmic-and-automation-incidents/ubc-academic-students-accuse-proctorio-of-privacy-abuse
AIAAIC0916,Adobe Creative Cloud uses customer to train AI systems,https://www.aiaaic.org/aiaaic-repository/ai-algorithmic-and-automation-incidents/adobe-creative-cloud-content-analysis
AIAAIC0917,Koko AI mental health counselling 'experiment' fails to obtain user consent,https://www.aiaaic.org/aiaaic-repository/ai-algorithmic-and-automation-incidents/koko-ai-mental-health-counselling-experiment
AIAAIC0948,Hesse state Palantir predictive policing ruled 'unconstitutional',https://www.aiaaic.org/aiaaic-repository/ai-algorithmic-and-automation-incidents/hesse-palantir-predictive-policing
AIAAIC0959,Tesla safety cameras capture neighbourhood movements,https://www.aiaaic.org/aiaaic-repository/ai-algorithmic-and-automation-incidents/tesla-safety-cameras-capture-neighbourhood-movements
AIAAIC0971,Amazon Go fails to inform NYC customers about facial recognition,https://www.aiaaic.org/aiaaic-repository/ai-algorithmic-and-automation-incidents/amazon-go-fails-to-inform-nyc-customers-about-facial-recognition
AIAAIC0982,Tesla workers share private camera recordings,https://www.aiaaic.org/aiaaic-repository/ai-algorithmic-and-automation-incidents/tesla-workers-share-private-camera-recordings
AIAAIC0985,ChatGPT bug reveals user chat histories,https://www.aiaaic.org/aiaaic-repository/ai-algorithmic-and-automation-incidents/chatgpt-bug-reveals-user-chat-histories
AIAAIC0994,Snapchat My AI accesses user location data,https://www.aiaaic.org/aiaaic-repository/ai-algorithmic-and-automation-incidents/snapchat-location-access-opacity
AIAAIC0995,Magazine publishes Michael Schumacher fake AI-generated interview,https://www.aiaaic.org/aiaaic-repository/ai-algorithmic-and-automation-incidents/michael-schumacher-ai-exclusive-interview
AIAAIC1012,Canadian Tire covertly uses facial recognition to collect user data,https://www.aiaaic.org/aiaaic-repository/ai-algorithmic-and-automation-incidents/canadian-tire-facial-recognition
AIAAIC1025,Plastic Forte employee facial recognition monitoring,https://www.aiaaic.org/aiaaic-repository/ai-algorithmic-and-automation-incidents/plastic-forte-employee-facial-recognition-monitoring
AIAAIC1026,Amazon uses Alexa child data to tune voice algorithm,https://www.aiaaic.org/aiaaic-repository/ai-algorithmic-and-automation-incidents/amazon-uses-alexa-child-data-to-tune-voice-algorithm
AIAAIC1486,Deepfake Philippines President urges military action against China,https://www.aiaaic.org/aiaaic-repository/ai-algorithmic-and-automation-incidents/deepfake-philippines-president-urges-military-action-against-china
AIAAIC1496,Sony warns AI companies to not misuse its data,https://www.aiaaic.org/aiaaic-repository/ai-algorithmic-and-automation-incidents/sony-warns-ai-companies-to-not-misuse-its-data
AIAAIC1497,Voice Actors sue AI start-up for “voice theft”,https://www.aiaaic.org/aiaaic-repository/ai-algorithmic-and-automation-incidents/voice-actors-sue-ai-startup-for-voice-theft
AIAAIC1498,OpenAI accused of AI generating Scarlett Johansson's voice without her consent,https://www.aiaaic.org/aiaaic-repository/ai-algorithmic-and-automation-incidents/openai-accused-of-using-scarlett-johanssons-voice-without-consent-to-train
AIAAIC1507,All eyes on Rafah' deepfake criticised for 'sanitising' Gaza invasion,https://www.aiaaic.org/aiaaic-repository/ai-algorithmic-and-automation-incidents/all-eyes-on-rafah-deepfake-criticised-for-sanitising-gaza-invasion
AIAAIC1532,50 Melbourne school girls targeted using AI nude images,https://www.aiaaic.org/aiaaic-repository/ai-algorithmic-and-automation-incidents/50-melbourne-school-girls-targeted-using-ai-nude-images
AIAAIC1542,Professional model’s AI likeness used in ad without her consent,https://www.aiaaic.org/aiaaic-repository/ai-algorithmic-and-automation-incidents/indian-travel-company-uses-professional-models-ai-likeness-in-ad
AIAAIC1611,Deepfake France 24 journalist calls Seine water 'unsafe',https://www.aiaaic.org/aiaaic-repository/ai-algorithmic-and-automation-incidents/google-bard-says-the-uks-exit-from-the-european-union-a-bad-idea
AIAAIC1616,Elon Musk shares Kamala Harris voice close video ad,https://www.aiaaic.org/aiaaic-repository/ai-algorithmic-and-automation-incidents/elon-musk-shares-kamala-harris-voice-clone-video-ad
AIAAIC1617,Deepfake Kamala Harris slurs her lines,https://www.aiaaic.org/aiaaic-repository/ai-algorithmic-and-automation-incidents/deepfake-kamala-harris-slurs-her-lines
AIAAIC1624,Deepfakes of UK health expert used to promote health scams,https://www.aiaaic.org/aiaaic-repository/ai-algorithmic-and-automation-incidents/deepfakes-of-uk-tv-health-experts-used-to-promote-health-scams
AIAAIC1660,Mary Nightingale likeness used in deepfake scam,https://www.aiaaic.org/aiaaic-repository/ai-algorithmic-and-automation-incidents/mary-nightingale-likeness-used-in-deepfake-scam
AIAAIC1692,San Francisco City Attorney sues 16 denudification apps,https://www.aiaaic.org/aiaaic-repository/ai-algorithmic-and-automation-incidents/san-francisco-city-attorney-sues-16-denudification-apps
AIAAIC1700,Donald Trump uses AI to fake Taylor Swift endorsement,https://www.aiaaic.org/aiaaic-repository/ai-algorithmic-and-automation-incidents/donald-trump-uses-ai-to-fake-taylor-swift-endorsement
AIAAIC1727,Deepfake porn engulfs South Korean schools,https://www.aiaaic.org/aiaaic-repository/ai-algorithmic-and-automation-incidents/deepfake-porn-engulfs-korean-schools
AIAAIC1737,"Elon Musk shares AI-generated image of ""communist"" Kamala Harris",https://www.aiaaic.org/aiaaic-repository/ai-algorithmic-and-automation-incidents/elon-musk-shares-ai-generated-image-of-communist-kamala-harris
AIAAIC1739,Deepfake AI video shows Al-Aqsa mosque burning,https://www.aiaaic.org/aiaaic-repository/ai-algorithmic-and-automation-incidents/deepfake-ai-video-shows-al-aqsa-burning
AIAAIC1159,Bella Hadid 'stands with Israel' deepfake,https://www.aiaaic.org/aiaaic-repository/ai-algorithmic-and-automation-incidents/bella-hadid-stands-with-israel-deepfake
AIAAIC1161,Deepfake Palestinian man carries children out of rubble,https://www.aiaaic.org/aiaaic-repository/ai-algorithmic-and-automation-incidents/deepfake-palestinian-carries-children-out-of-rubble
AIAAIC1162,Greta Thunberg promotes use of 'vegan grenades',https://www.aiaaic.org/aiaaic-repository/ai-algorithmic-and-automation-incidents/greta-thunberg-promotes-use-of-vegan-grenades
AIAAIC1163,President Biden calls for US draft deepfake,https://www.aiaaic.org/aiaaic-repository/ai-algorithmic-and-automation-incidents/president-biden-calls-for-us-draft-deepfake
AIAAIC1164,Taylor Swift speaks in Mandarin deepfake,https://www.aiaaic.org/aiaaic-repository/ai-algorithmic-and-automation-incidents/taylor-swift-speaks-in-mandarin-deepfake
AIAAIC1165,Scarlett Johansson sues app for using image for AI advert,https://www.aiaaic.org/aiaaic-repository/ai-algorithmic-and-automation-incidents/scarlett-johansson-sues-app-for-using-image-for-ai-advert
AIAAIC1166,Westfield High School non-concensual nude deepfakes,https://www.aiaaic.org/aiaaic-repository/ai-algorithmic-and-automation-incidents/westfield-high-school-non-concensual-nude-deepfakes
AIAAIC1167,Deepfake Justin Trudeau endorses Petro-Canada scam,https://www.aiaaic.org/aiaaic-repository/ai-algorithmic-and-automation-incidents/deepfake-justin-trudeau-endorses-petro-canada-scam
AIAAIC1173,Carmel school students attack Principal with racist deepfake video,https://www.aiaaic.org/aiaaic-repository/ai-algorithmic-and-automation-incidents/carmel-school-students-attack-principal-with-racist-deepfake-video
AIAAIC1182,Corruption doc incorporating Tom Cruise deepfake attacks IOC,https://www.aiaaic.org/aiaaic-repository/ai-algorithmic-and-automation-incidents/corruption-doc-incorporating-tom-cruise-deepfake-attacks-ioc
AIAAIC1186,South Korean arrested for using AI to create sexual images of children,https://www.aiaaic.org/aiaaic-repository/ai-algorithmic-and-automation-incidents/south-korean-arrested-for-using-ai-to-create-sexual-images-of-children
AIAAIC1189,Quebec man jailed for producing AI child porn,https://www.aiaaic.org/aiaaic-repository/ai-algorithmic-and-automation-incidents/quebec-man-jailed-for-producing-ai-child-porn
AIAAIC1270,Singapore PM Lee Hsien Loong crypto promotion deepfake,https://www.aiaaic.org/aiaaic-repository/ai-algorithmic-and-automation-incidents/singapore-pm-lee-hsien-loong-crypto-promotion-deepfake
AIAAIC1285,Deepfake Tom Hanks dental ad insurance promotion,https://www.aiaaic.org/aiaaic-repository/ai-algorithmic-and-automation-incidents/deepfake-tom-hanks-dental-ad-promotion
AIAAIC1294,Teen distributes AI-generated nude pictures of Issaquah students,https://www.aiaaic.org/aiaaic-repository/ai-algorithmic-and-automation-incidents/ai-generated-nude-pictures-of-issaquah-students-circulate
AIAAIC1321,Deepfake CFO scams finance worker for USD 25 million,https://www.aiaaic.org/aiaaic-repository/ai-algorithmic-and-automation-incidents/deepfake-cfo-scams-finance-worker-for-usd-25-million
AIAAIC1335,IBM sells Greg Marston voice for commercial cloning,https://www.aiaaic.org/aiaaic-repository/ai-algorithmic-and-automation-incidents/ibm-sells-greg-marston-voice-for-commercial-cloning
AIAAIC1367,Trump supporters target black voters with fake AI images,https://www.aiaaic.org/aiaaic-repository/ai-algorithmic-and-automation-incidents/trump-supporters-target-black-voters-with-fake-ai-images
AIAAIC1375,Cloned Ukrainian YouTuber promotes Russia-China relations,https://www.aiaaic.org/aiaaic-repository/ai-algorithmic-and-automation-incidents/ukrainian-youtuber-cloned-to-promote-russia-china-relations
AIAAIC1377,Beverly Hills students created and shared AI nude images of fellow students ,https://www.aiaaic.org/aiaaic-repository/ai-algorithmic-and-automation-incidents/beverly-hills-students-created-shared-ai-nude-images-of-fellow-students
AIAAIC1392,Iranian hackers interrupt TV streaming services with deepfake Gaza news,https://www.aiaaic.org/aiaaic-repository/ai-algorithmic-and-automation-incidents/iranian-hackers-interrupt-tv-streaming-services-with-deepfake-gaza-news
AIAAIC1405,Russian state TV deepfake blames Ukraine for Crocus City Hall attack,https://www.aiaaic.org/aiaaic-repository/ai-algorithmic-and-automation-incidents/russian-state-tv-deepfake-blames-ukraine-for-crocus-city-hall-attack
AIAAIC1423,Deepfake audio depicts London Mayor dismissing Remembrance Sunday,https://www.aiaaic.org/aiaaic-repository/ai-algorithmic-and-automation-incidents/deepfake-audio-depicts-london-mayor-dismissing-remembrance-sunday
AIAAIC1425,Al video depicts Indonesian presidential hopeful speaking fluent Arabic,https://www.aiaaic.org/aiaaic-repository/ai-algorithmic-and-automation-incidents/al-video-depicts-indonesian-presidential-hopeful-speaking-arabic
AIAAIC1431,Chinese voice actor sues AI companies for using her voice without consent,https://www.aiaaic.org/aiaaic-repository/ai-algorithmic-and-automation-incidents/chinese-voice-actor-sues-ai-companies-for-using-her-voice-without-consent
AIAAIC1432,Amazon studios lawsuit alleges use of GenAI to clone actors voices,https://www.aiaaic.org/aiaaic-repository/ai-algorithmic-and-automation-incidents/amazon-studios-accused-of-using-ai-voice-cloning-during-actors-strikes
AIAAIC1445,Alberta Party endorses itself using deepfake video,https://www.aiaaic.org/aiaaic-repository/ai-algorithmic-and-automation-incidents/alberta-party-endorses-itself-using-deepfake-video
AIAAIC1447,Alexandria Ocasio-Cortez depicted as deepfake pornstar,https://www.aiaaic.org/aiaaic-repository/ai-algorithmic-and-automation-incidents/alexandria-ocasio-cortez-depicted-as-deepfake-pornstar
AIAAIC1457,Michel Janse deepfake used for advert without consent,https://www.aiaaic.org/aiaaic-repository/ai-algorithmic-and-automation-incidents/michel-janse-deepfake-used-for-advert-without-consent
AIAAIC1474,Deepfake John Swinney thanks Nicola Sturgeon for his election,https://www.aiaaic.org/aiaaic-repository/ai-algorithmic-and-automation-incidents/deepfake-john-swinney-thanks-nicola-sturgeon-for-his-election
AIAAIC1475,BBC presenter’s AI-generated voice used to trick company,https://www.aiaaic.org/aiaaic-repository/ai-algorithmic-and-automation-incidents/bbc-presenters-ai-generated-voice-used-to-trick-company
AIAAIC1483,WPP CEO impersonated in deepfake scam,https://www.aiaaic.org/aiaaic-repository/ai-algorithmic-and-automation-incidents/wpp-ceo-impersonated-in-deepfake-scam
AIAAIC1422,Deepfake news anchor accuses US of Bangladesh election interference,https://www.aiaaic.org/aiaaic-repository/ai-algorithmic-and-automation-incidents/deepfake-news-anchor-accuses-us-of-bangladesh-election-interference
AIAAIC0213,Joe Rogan libido booster Alpha Grind deepfake,https://www.aiaaic.org/aiaaic-repository/ai-algorithmic-and-automation-incidents/joe-rogan-libido-booster-alpha-grind-ad-deepfake
AIAAIC0960,"QTCinderella, Pokimane, Sweet Anita deepfakes exposed using live stream",https://www.aiaaic.org/aiaaic-repository/ai-algorithmic-and-automation-incidents/qtcinderella-pokimane-sweet-anita-deepfakes
AIAAIC0969,FaceMega sexualised face swap ads violate platform policies,https://www.aiaaic.org/aiaaic-repository/ai-algorithmic-and-automation-incidents/facemega-sexualised-face-swapping
AIAAIC0972,Deepfake news anchors claim Venezuela economic health,https://www.aiaaic.org/aiaaic-repository/ai-algorithmic-and-automation-incidents/deepfake-news-anchors-claim-venezuela-economic-health
AIAAIC0983,Deepfake Pope Francis wears white puffa jacket,https://www.aiaaic.org/aiaaic-repository/ai-algorithmic-and-automation-incidents/deepfake-pope-francis-wears-white-puffa-jacket
AIAAIC0984,Deepfake Donald Trump arrest photos,https://www.aiaaic.org/aiaaic-repository/ai-algorithmic-and-automation-incidents/deepfake-donald-trump-arrest-photos
AIAAIC1003,RNC smears President Biden with AI ad,https://www.aiaaic.org/aiaaic-repository/ai-algorithmic-and-automation-incidents/rnc-smears-president-biden-with-fake-ai-advert
AIAAIC1005,"Scammers clone teenager's voice, threaten kidnapping",https://www.aiaaic.org/aiaaic-repository/ai-algorithmic-and-automation-incidents/scammers-clone-teenagers-voice-threaten-kidnapping
AIAAIC1006,"AI impersonation scams Canadian couple of USD 21,000",https://www.aiaaic.org/aiaaic-repository/ai-algorithmic-and-automation-incidents/ai-impersonation-scams-couple-of-usd-21000
AIAAIC1014,Muharrem Ince withdraws from Turkey election after porn 'deepfake',https://www.aiaaic.org/aiaaic-repository/ai-algorithmic-and-automation-incidents/muharrem-ince-porn-deepfake
AIAAIC1019,Pentagon deepfake 'explosion' jitters US stock market,https://www.aiaaic.org/aiaaic-repository/ai-algorithmic-and-automation-incidents/pentagon-deepfake-explosion
AIAAIC1020,"Chinese scammer uses AI to defraud 'fiend' of USD 622,000",https://www.aiaaic.org/aiaaic-repository/ai-algorithmic-and-automation-incidents/chinese-scammer-uses-ai-to-defraud-fiend-of-usd-622000
AIAAIC1021,AI-cloned Stefanie Sun songs go viral in China,https://www.aiaaic.org/aiaaic-repository/ai-algorithmic-and-automation-incidents/ai-stefanie-sun
AIAAIC1033,Putin declares martial law deepfake,https://www.aiaaic.org/aiaaic-repository/ai-algorithmic-and-automation-incidents/putin-declares-martial-law-deepfake
AIAAIC1037,Donald Trump hugs Dr Fauci deepfake,https://www.aiaaic.org/aiaaic-repository/ai-algorithmic-and-automation-incidents/donald-trump-hugs-dr-fauci-deepfake
AIAAIC1048,Deepfake 'soldier' posts false Ukraine war stories,https://www.aiaaic.org/aiaaic-repository/ai-algorithmic-and-automation-incidents/deepfake-soldier-posts-fake-ukraine-war-stories
AIAAIC1056,Martin Lewis impersonated in deepfake scam ad,https://www.aiaaic.org/aiaaic-repository/ai-algorithmic-and-automation-incidents/martin-lewis-deepfake-scam-ad
AIAAIC1059,"Kerala man loses INR 40,000 to deepfake work colleague",https://www.aiaaic.org/aiaaic-repository/ai-algorithmic-and-automation-incidents/kerala-man-loses-inr-40000-to-deepfake-work-colleague
AIAAIC1067,Rishi Sunak pulls pint deepfake,https://www.aiaaic.org/aiaaic-repository/ai-algorithmic-and-automation-incidents/rishi-sunak-pulls-pint-deepfake
AIAAIC1077,Maxpread Technologies fake AI CEO investment scam,https://www.aiaaic.org/aiaaic-repository/ai-algorithmic-and-automation-incidents/maxpread-technologies-fake-ai-ceo-scam
AIAAIC1082,VW Brazil Elis Regina deepfake advert,https://www.aiaaic.org/aiaaic-repository/ai-algorithmic-and-automation-incidents/vw-brazil-elis-regina-deepfake
AIAAIC1096,China uses AI to accuse US of starting Maui wildfires,https://www.aiaaic.org/aiaaic-repository/ai-algorithmic-and-automation-incidents/uk-flood-warning-system-false-alerts
AIAAIC1115,Deepfakes violate Anil Kapoor personality rights,https://www.aiaaic.org/aiaaic-repository/ai-algorithmic-and-automation-incidents/deepfakes-violate-anil-kapoor-personality-rights
AIAAIC1116,Almendralejo hit by AI naked child images,https://www.aiaaic.org/aiaaic-repository/ai-algorithmic-and-automation-incidents/almendralejo-hit-by-ai-naked-child-images
AIAAIC1117,"Deepfake IDs used in HKD 200,000 bank fraud",https://www.aiaaic.org/aiaaic-repository/ai-algorithmic-and-automation-incidents/deepfake-ids-used-in-hkd-200000-bank-fraud
AIAAIC1130,Deepfake MrBeast iPhone giveaway scam,https://www.aiaaic.org/aiaaic-repository/ai-algorithmic-and-automation-incidents/deepfake-mrbeast-iphone-giveaway-scam
AIAAIC1137,Deepfake audio recording claims opposition leaders tried to rig Slovakian election,https://www.aiaaic.org/aiaaic-repository/ai-algorithmic-and-automation-incidents/deepfake-audio-recording-claims-opposition-leaders-tried-to-rig-slovakian-e
AIAAIC1141,Deepfake recordings depict British Opposition Leader abusing staff,https://www.aiaaic.org/aiaaic-repository/ai-algorithmic-and-automation-incidents/deepfake-audio-recording-depicts-british-opposition-leader-abusing-staff
AIAAIC1151,Audio AIs impersonate former South Sudan leader Omar al-Bashir,https://www.aiaaic.org/aiaaic-repository/ai-algorithmic-and-automation-incidents/ai-campaign-impersonates-former-south-sudan-leader-omar-al-bashir
AIAAIC1152,Deepfake audio falsely depicts Barack Obama discussing conspiracy theory,https://www.aiaaic.org/aiaaic-repository/ai-algorithmic-and-automation-incidents/deepfake-audio-falsely-depicts-barack-obama-discussing-conspiracy-theory
AIAAIC1760,Harvard students add facial recognition to Meta smart glasses to dox strangers,https://www.aiaaic.org/aiaaic-repository/ai-algorithmic-and-automation-incidents/harvard-students-add-facial-recognition-to-meta-smart-glasses
AIAAIC1761,"Meta trains AI on Ray-Ban smart glass photos, videos",https://www.aiaaic.org/aiaaic-repository/ai-algorithmic-and-automation-incidents/meta-trains-ai-on-ray-ban-meta-smart-glass-photos-videos
AIAAIC1015,Election deepfake falsely links Kemal Kilicdaroglu to PKK,https://www.aiaaic.org/aiaaic-repository/ai-algorithmic-and-automation-incidents/kemal-kilicdaroglu-pkk-links-deepfake
AIAAIC1060,Deepfake 'Pan Africanists' support Burkina Faso military junta,https://www.aiaaic.org/aiaaic-repository/ai-algorithmic-and-automation-incidents/deepfake-pan-africanists-support-burkina-faso-junta
